,precision,recall,f1,accuracy
Model 0,0.5529815569573985,0.5568295114656032,0.5522424830276459,0.5568295114656032
Model 1,0.5626012413865127,0.5687936191425723,0.5522021907882472,0.5687936191425723
Model 2,0.5620283531874609,0.5697906281156531,0.5577557308805761,0.5697906281156531
Model 3,0.5595075879162519,0.5663010967098704,0.5459812228910804,0.5663010967098704
Model 4,0.5763285386036393,0.576271186440678,0.5678649009769354,0.576271186440678
Ensemble averaging,0.5614605908994924,0.5697906281156531,0.5590903331178431,0.5697906281156531
