,precision,recall,f1,accuracy
Model 0,0.6046150462019537,0.5932203389830508,0.5868625814663225,0.5932203389830508
Model 1,0.608606548694043,0.6116650049850448,0.6050569021522796,0.6116650049850448
Model 2,0.6121607614465272,0.609172482552343,0.5972575445221503,0.609172482552343
Model 3,0.6230255354495592,0.6136590229312063,0.6088825066295462,0.6136590229312063
Model 4,0.6039009226615001,0.6026919242273181,0.5905365408287573,0.6026919242273181
Ensemble averaging,0.6325844140234177,0.6335992023928215,0.6285274177842441,0.6335992023928215
